{
  "host": "DESKTOP-DIA8VEH",
  "model": "bert-base-uncased",
  "backend": "gpu",
  "batch_size": 1,
  "seq_len": 384,
  "runs": 100,
  "mean_latency_ms": 8.385521,
  "p50_ms": 8.345849999999988,
  "p90_ms": 8.524179999999948,
  "p99_ms": 8.839670000000066,
  "throughput": 119.25317460894797
}