{
  "host": "DESKTOP-DIA8VEH",
  "model": "bert-base-uncased",
  "backend": "gpu",
  "batch_size": 1,
  "seq_len": 128,
  "runs": 100,
  "mean_latency_ms": 3.912670999999996,
  "p50_ms": 3.747300000000009,
  "p90_ms": 5.018910000000099,
  "p99_ms": 5.37749699999999,
  "throughput": 255.57988392072855
}