{
  "host": "DESKTOP-DIA8VEH",
  "model": "bert-base-uncased",
  "backend": "gpu",
  "batch_size": 1,
  "seq_len": 64,
  "runs": 100,
  "mean_latency_ms": 3.8262990000000063,
  "p50_ms": 3.6258999999999597,
  "p90_ms": 5.260979999999904,
  "p99_ms": 5.397208999999934,
  "throughput": 261.3491522748218
}