{
  "host": "DESKTOP-DIA8VEH",
  "model": "bert-base-uncased",
  "backend": "gpu",
  "batch_size": 1,
  "seq_len": 128,
  "runs": 100,
  "mean_latency_ms": 4.027379999999989,
  "p50_ms": 3.667250000000011,
  "p90_ms": 5.062440000000046,
  "p99_ms": 5.385047000000068,
  "throughput": 248.30038387239412
}