{
  "host": "DESKTOP-DIA8VEH",
  "model": "bert-base-uncased",
  "backend": "cpu",
  "batch_size": 1,
  "seq_len": 128,
  "runs": 100,
  "mean_latency_ms": 72.85386499999996,
  "p50_ms": 72.65960000000027,
  "p90_ms": 76.83417000000006,
  "p99_ms": 81.92341500000052,
  "throughput": 13.72610773635689
}