{
  "host": "DESKTOP-DIA8VEH",
  "model": "bert-base-uncased",
  "backend": "cpu",
  "batch_size": 1,
  "seq_len": 64,
  "runs": 100,
  "mean_latency_ms": 45.93406599999999,
  "p50_ms": 43.274499999999996,
  "p90_ms": 55.03464,
  "p99_ms": 68.3304010000004,
  "throughput": 21.770334896980387
}