{
  "host": "DESKTOP-DIA8VEH",
  "model": "bert-base-uncased",
  "backend": "cpu",
  "batch_size": 1,
  "seq_len": 256,
  "runs": 100,
  "mean_latency_ms": 139.406598,
  "p50_ms": 138.91144999999926,
  "p90_ms": 145.14767999999955,
  "p99_ms": 165.4002569999998,
  "throughput": 7.173261627114665
}