{
  "host": "DESKTOP-DIA8VEH",
  "model": "bert-base-uncased",
  "backend": "gpu",
  "batch_size": 1,
  "seq_len": 256,
  "runs": 100,
  "mean_latency_ms": 6.132480999999994,
  "p50_ms": 6.069200000000108,
  "p90_ms": 6.2617099999999315,
  "p99_ms": 6.8789079999998854,
  "throughput": 163.06613913683563
}