{
  "host": "DESKTOP-DIA8VEH",
  "model": "bert-base-uncased",
  "backend": "cpu",
  "batch_size": 1,
  "seq_len": 384,
  "runs": 100,
  "mean_latency_ms": 221.7250959999999,
  "p50_ms": 219.52324999999905,
  "p90_ms": 227.38631000000072,
  "p99_ms": 264.16859799999906,
  "throughput": 4.510089376621582
}