{
  "host": "DESKTOP-DIA8VEH",
  "model": "bert-base-uncased",
  "backend": "cpu",
  "batch_size": 1,
  "seq_len": 128,
  "runs": 100,
  "mean_latency_ms": 0.065294122,
  "p50_ms": 65.53484999999992,
  "p90_ms": 69.13052999999972,
  "p99_ms": 72.3516319999997,
  "throughput": 15.315314294294364
}